id,time,cohort,rel.time,group,te,covar,outcome,treat
90,1,2,-1,1,-0,-1.0947021321591979,0.017229712877750103,0
89,1,3,-2,1,-0,-3.7100676485602455,-4.580845282165588,0
88,1,4,-3,1,-0,2.52744015265539,2.7381717377282326,0
87,1,5,-4,1,-0,-0.7204263058621841,-0.6510306584877257,0
86,1,6,-5,1,-0,-3.6711677859516882,-5.333816638793612,0
85,1,7,-6,1,-0,-0.3152136665481229,0.49562631362910736,0
84,1,8,-7,1,-0,0.3285633420258458,-1.5837824540212357,0
83,1,9,-8,1,-0,-0.08850914503314633,-1.3352625738281882,0
82,1,10,-9,1,-0,-2.349516111038876,-1.3513616659815617,0
81,1,10000,-1000,0,-0,2.313187160172807,1.7723144156585455,0
80,1,10000,-1000,0,-0,-0.5656106106101413,-0.7819864013903887,0
79,1,10000,-1000,0,-0,-3.159966104972218,-4.7819033978141965,0
78,1,10000,-1000,0,-0,-7.2486478125580005,-8.699611777957362,0
77,1,10000,-1000,0,-0,1.3205621615791947,1.6714718922670149,0
76,1,10000,-1000,0,-0,-1.681211195686307,-1.855758124417531,0
75,1,10000,-1000,0,-0,-1.6074582029532503,-2.1988866731694077,0
74,1,10000,-1000,0,-0,0.8558884704219061,-0.47813879047417007,0
73,1,10000,-1000,0,-0,0.5412687187790164,-0.5560297824132678,0
72,1,10000,-1000,0,-0,-0.04201483683846363,1.9940887725258565,0
71,1,2,-1,1,-0,0.44098018804849914,1.2149854000699793,0
70,1,3,-2,1,-0,-1.3745879222124127,-0.5895815215331331,0
69,1,4,-3,1,-0,-6.670423427519304,-5.90717734717341,0
68,1,5,-4,1,-0,0.024505047725463802,0.31931380729050063,0
67,1,6,-5,1,-0,-1.709936953008801,-2.962292877181457,0
66,1,7,-6,1,-0,-1.965673441610095,-2.9751771943797554,0
65,1,8,-7,1,-0,-5.33974148819134,-4.588350293645405,0
64,1,9,-8,1,-0,-2.7928079281482816,-4.101161440731042,0
63,1,10,-9,1,-0,-0.49351269006174237,0.03402740700190965,0
62,1,10000,-1000,0,-0,1.9203413699457328,1.386801796368393,0
61,1,10000,-1000,0,-0,-1.8296599664394564,-2.2280359805330945,0
60,1,10000,-1000,0,-0,-0.5711828161703265,-1.3607522666651555,0
59,1,10000,-1000,0,-0,-1.703974538195148,-1.9341156744656958,0
58,1,10000,-1000,0,-0,-5.099333624256212,-4.222148782604413,0
57,1,10000,-1000,0,-0,-2.630756281760154,-2.1770231042189794,0
56,1,10000,-1000,0,-0,-2.5776300060290636,-2.810094153752478,0
55,1,10000,-1000,0,-0,-1.7181085137832162,-0.8481029890929364,0
54,1,10000,-1000,0,-0,1.2566566381845274,2.9126603723313513,0
53,1,10000,-1000,0,-0,0.39232901576964463,0.38596008685479977,0
52,1,2,-1,1,-0,-2.216019984459339,-1.9378013353945978,0
51,1,3,-2,1,-0,0.22243367084964394,-0.755469270168468,0
50,1,4,-3,1,-0,-0.13756470738479232,-1.0641508495307428,0
49,1,5,-4,1,-0,-3.333204172916195,-1.4134337102949968,0
48,1,6,-5,1,-0,-3.381288047325361,-2.500010259549182,0
47,1,7,-6,1,-0,-0.6304289022393991,0.11165286968707777,0
46,1,8,-7,1,-0,0.4060750760931944,0.553648480142628,0
45,1,9,-8,1,-0,-1.8541862294075908,-1.3687976644153217,0
44,1,10,-9,1,-0,0.6949324893358733,0.8467885288818542,0
43,1,10000,-1000,0,-0,-0.5444093655849171,-0.5024106114976467,0
42,1,10000,-1000,0,-0,-3.1363232802886962,-2.9129009683456486,0
41,1,10000,-1000,0,-0,-0.6906311029989382,-1.7010961890031528,0
40,1,10000,-1000,0,-0,-4.463765471448111,-2.0625433694768898,0
39,1,10000,-1000,0,-0,2.111102166665428,2.9130639569363095,0
38,1,10000,-1000,0,-0,3.5156231567677674,3.2644151978121174,0
37,1,10000,-1000,0,-0,-2.508174584545624,-1.2952852137163884,0
36,1,10000,-1000,0,-0,-4.245076431922902,-4.87233451792778,0
35,1,10000,-1000,0,-0,-0.10406301628361336,1.6070954911922422,0
34,1,10000,-1000,0,-0,-1.9124540405094708,-2.3068275935322307,0
33,1,2,-1,1,-0,-1.6666018838835406,-0.30248268848397086,0
32,1,3,-2,1,-0,0.20389746506313822,1.3361265977918921,0
31,1,4,-3,1,-0,-1.4940641889356752,-2.268380508294384,0
30,1,5,-4,1,-0,-3.473091500234605,-4.8834664662281915,0
29,1,6,-5,1,-0,-1.0814902973777212,-2.9160178780743653,0
28,1,7,-6,1,-0,-6.197286425026782,-6.466299962957209,0
27,1,8,-7,1,-0,2.1945743693754656,0.3606457920957986,0
26,1,9,-8,1,-0,-1.1726802639986431,-1.9871482827736182,0
25,1,10,-9,1,-0,4.008822294203381,4.172394416582005,0
24,1,10000,-1000,0,-0,-0.3457981550333238,0.5097210670170795,0
23,1,10000,-1000,0,-0,-3.387577808825733,-4.207540935705471,0
22,1,10000,-1000,0,-0,0.0011567718695451035,-0.12244598810613046,0
21,1,10000,-1000,0,-0,-3.9627308173215736,-3.70778258128014,0
20,1,10000,-1000,0,-0,-4.782632553457859,-3.0637062152205354,0
19,1,10000,-1000,0,-0,-0.8180889864061845,-1.7766325139333037,0
18,1,10000,-1000,0,-0,-2.703364783876828,-4.307675045637309,0
17,1,10000,-1000,0,-0,-1.5630791194863256,-3.4086885411971286,0
16,1,10000,-1000,0,-0,-1.3751618128234067,-0.8194246275336364,0
15,1,10000,-1000,0,-0,-3.0785762080270405,-3.1386953993774096,0
14,1,2,-1,1,-0,-1.9127722428624954,-2.0536116300198497,0
13,1,3,-2,1,-0,1.4569561596054137,1.850050085119673,0
12,1,4,-3,1,-0,-5.475258810702036,-5.25104023654259,0
11,1,5,-4,1,-0,-0.0418997134256347,-0.018357728257053802,0
10,1,6,-5,1,-0,-0.7115928871942724,-1.3345555469590606,0
9,1,7,-6,1,-0,1.161908841568232,2.4239182221946223,0
8,1,8,-7,1,-0,-2.346425559589225,-2.7521996023649966,0
7,1,9,-8,1,-0,-0.6164784110218158,0.05028536042066367,0
6,1,10,-9,1,-0,-0.880562468811245,-0.7159233142811172,0
5,1,10000,-1000,0,-0,-2.957975837874422,-1.176451363087252,0
4,1,10000,-1000,0,-0,1.5333711958504983,2.2445851601743763,0
3,1,10000,-1000,0,-0,1.4115795351093965,1.0738883792470264,0
2,1,10000,-1000,0,-0,0.2307735991075679,0.22162464684021327,0
1,1,10000,-1000,0,-0,2.505764973720213,2.3804557653067793,0
95,1,10000,-1000,0,-0,-0.13288646150200711,-2.223732558474306,0
94,1,10000,-1000,0,-0,-4.841542912073116,-3.144149017252431,0
93,1,10000,-1000,0,-0,-3.0368658889375526,-1.9729847344500424,0
92,1,10000,-1000,0,-0,-4.708167674644603,-5.474784310869875,0
91,1,10000,-1000,0,-0,-2.780621321842114,-2.398613762671734,0
90,2,2,0,1,-1,-1.124523933459194,-3.257283344511615,1
89,2,3,-1,1,-0,-3.2382984157396746,-1.7483910020864468,0
88,2,4,-2,1,-0,-0.8674367537368235,-1.1156838587057887,0
87,2,5,-3,1,-0,-2.6697598147681756,-2.486176106824723,0
86,2,6,-4,1,-0,2.701792651029279,3.1066636604690254,0
85,2,7,-5,1,-0,0.37167583166128026,-0.6224486376481426,0
84,2,8,-6,1,-0,0.8007723544754612,-0.2846569750918082,0
83,2,9,-7,1,-0,-0.3658363357236655,-0.41437889025338775,0
82,2,10,-8,1,-0,2.51302163723517,3.0891072377473763,0
81,2,10000,-1000,0,-0,-2.627955770238537,-2.5541252383939237,0
80,2,10000,-1000,0,-0,-2.241831788212855,-1.5358862169106366,0
79,2,10000,-1000,0,-0,1.9587735468648897,2.2937536502562437,0
78,2,10000,-1000,0,-0,-2.661135842174523,-2.1157480362499057,0
77,2,10000,-1000,0,-0,-1.6778910044162165,-3.080796910357485,0
76,2,10000,-1000,0,-0,-2.089156295474144,-1.4121024045302626,0
75,2,10000,-1000,0,-0,-1.9276572840099166,-2.717457730152824,0
74,2,10000,-1000,0,-0,-1.8369890987753417,-2.3027179882094377,0
73,2,10000,-1000,0,-0,-0.12185698240121923,-0.22670904763600855,0
72,2,10000,-1000,0,-0,-1.6112415030648766,-3.259092590370213,0
71,2,2,0,1,-1,1.760837531124475,0.3209798942812716,1
70,2,3,-1,1,-0,-1.693857169357901,-2.4123686212963653,0
69,2,4,-2,1,-0,-1.616178730480832,-2.170776326815745,0
68,2,5,-3,1,-0,-1.4401506357045821,-0.19466145895315567,0
67,2,6,-4,1,-0,0.3627127849353913,-0.8962085660257122,0
66,2,7,-5,1,-0,-1.3810951729234329,-1.5964796543514566,0
65,2,8,-6,1,-0,-1.3014042822621992,-3.773365992381657,0
64,2,9,-7,1,-0,-2.729812233966385,-3.403981554072454,0
63,2,10,-8,1,-0,-1.9371442838194848,-2.438441469249402,0
62,2,10000,-1000,0,-0,-1.0845022711283314,0.4578235168236997,0
61,2,10000,-1000,0,-0,-2.5240633696274837,-3.486081434864242,0
60,2,10000,-1000,0,-0,-0.039110601964001734,-0.9112901384054078,0
59,2,10000,-1000,0,-0,-4.585632281224413,-5.9832618991287765,0
58,2,10000,-1000,0,-0,-0.5380090137385901,-0.3582038469221839,0
57,2,10000,-1000,0,-0,-4.625678727773064,-3.471586739985727,0
56,2,10000,-1000,0,-0,-1.885479402812582,-3.084013012899071,0
55,2,10000,-1000,0,-0,-2.3896242175720372,-2.815348619046059,0
54,2,10000,-1000,0,-0,-2.6642374620206146,-1.2979288531731095,0
53,2,10000,-1000,0,-0,-1.3441274751082668,-2.0284248697669285,0
52,2,2,0,1,-1,1.3916501611362628,0.7811537039499996,1
51,2,3,-1,1,-0,-4.910733421720008,-6.216129345525312,0
50,2,4,-2,1,-0,-2.2460140826004267,-1.0291260714993014,0
49,2,5,-3,1,-0,-3.692971496674471,-2.8977974784021603,0
48,2,6,-4,1,-0,-2.8832012838549685,-3.371403793280769,0
47,2,7,-5,1,-0,3.4112638273119322,2.50727037268177,0
46,2,8,-6,1,-0,-1.1793518282173876,-1.5697702463043137,0
45,2,9,-7,1,-0,-4.0708640636234,-3.256800648477986,0
44,2,10,-8,1,-0,-4.856689237676257,-5.420938517859688,0
43,2,10000,-1000,0,-0,-0.21944881381953085,-2.0936541325888487,0
42,2,10000,-1000,0,-0,-1.2590986546207619,-1.4020033655418622,0
41,2,10000,-1000,0,-0,-1.9233888830018273,-1.151484873259487,0
40,2,10000,-1000,0,-0,-3.279198228318516,-4.4383161584860575,0
39,2,10000,-1000,0,-0,-4.517023212162657,-4.754938739832993,0
38,2,10000,-1000,0,-0,-3.6026398987964727,-4.824833224818726,0
37,2,10000,-1000,0,-0,1.000063884741241,1.1168700976668762,0
36,2,10000,-1000,0,-0,-2.5958627970194814,-2.7283624250330027,0
35,2,10000,-1000,0,-0,-4.288501774718096,-4.322186550755731,0
34,2,10000,-1000,0,-0,2.9280293729605007,2.3057029547330306,0
33,2,2,0,1,-1,-1.7472377265896926,-1.8757923121809474,1
32,2,3,-1,1,-0,1.1297115519512952,1.2348495709884622,0
31,2,4,-2,1,-0,0.7480929178304243,0.5611576502565669,0
30,2,5,-3,1,-0,-2.591374482158524,-5.804563014579353,0
29,2,6,-4,1,-0,3.6750558656101204,2.3994371624462714,0
28,2,7,-5,1,-0,-1.7835673312856648,-1.0206610133992864,0
27,2,8,-6,1,-0,-4.377369523627668,-4.784184667070475,0
26,2,9,-7,1,-0,-1.5382029784475306,-2.7465207623281414,0
25,2,10,-8,1,-0,-0.7576277938502851,-1.1969504507286353,0
24,2,10000,-1000,0,-0,3.9010099816255566,3.5254292356825796,0
23,2,10000,-1000,0,-0,-0.9832714807460289,-1.4847138758927363,0
22,2,10000,-1000,0,-0,-0.20434090244466407,0.29227167333409,0
21,2,10000,-1000,0,-0,-1.389054298950044,0.13182663927888494,0
20,2,10000,-1000,0,-0,-1.958726047758386,-0.9706342199470284,0
19,2,10000,-1000,0,-0,-1.294954212193032,-0.04883167822196044,0
18,2,10000,-1000,0,-0,0.5289986255033858,0.19913129800490287,0
17,2,10000,-1000,0,-0,3.3848226431236115,4.229167357112556,0
16,2,10000,-1000,0,-0,1.0607546258653096,0.07967887061899326,0
15,2,10000,-1000,0,-0,1.461127140492048,1.3219057353745907,0
14,2,2,0,1,-1,0.9642814345732811,-0.04854657530532602,1
13,2,3,-1,1,-0,-0.7301554311802221,-1.0354643571509106,0
12,2,4,-2,1,-0,-4.472198139288768,-5.056411599941074,0
11,2,5,-3,1,-0,-0.06234002453607812,0.7089284773365828,0
10,2,6,-4,1,-0,-1.5700414295474743,0.536147932214321,0
9,2,7,-5,1,-0,2.030424073004742,2.442581109851779,0
8,2,8,-6,1,-0,-2.9170536095297033,-3.17831848762366,0
7,2,9,-7,1,-0,-2.17211551579806,-0.09833186979437025,0
6,2,10,-8,1,-0,-3.2719840645794465,-4.050814288020389,0
5,2,10000,-1000,0,-0,-1.6107390947695688,-0.4792065814886639,0
4,2,10000,-1000,0,-0,-0.32629850603970645,-0.747643634123361,0
3,2,10000,-1000,0,-0,-2.8409034426674795,-3.862650812687213,0
2,2,10000,-1000,0,-0,0.623778853541791,1.84208423228857,0
1,2,10000,-1000,0,-0,-3.8973822564130183,-5.697142931308408,0
95,2,10000,-1000,0,-0,-3.5422946036734775,-3.850544542024198,0
94,2,10000,-1000,0,-0,1.978458751265828,1.9939739946145638,0
93,2,10000,-1000,0,-0,-3.4710169697672186,-3.9133346884341473,0
92,2,10000,-1000,0,-0,-0.30420137690493265,-1.9422091097861247,0
91,2,10000,-1000,0,-0,-2.0631357616702894,-2.70453691785314,0
90,3,2,1,1,0,2.288160652165357,4.211324305128236,1
89,3,3,0,1,-2,2.0968927872628327,-1.7599368411370242,1
88,3,4,-1,1,-0,-1.4887350037139568,-3.5948534393089866,0
87,3,5,-2,1,-0,-5.143235968662086,-4.4455874417177395,0
86,3,6,-3,1,-0,3.800556748127897,4.708001155856226,0
85,3,7,-4,1,-0,0.3774293874704825,0.18144118858645863,0
84,3,8,-5,1,-0,0.14230368651512537,-0.06451680144047484,0
83,3,9,-6,1,-0,-0.8950094549798316,-0.16996628450473028,0
82,3,10,-7,1,-0,0.08392578719861721,1.4826447426304197,0
81,3,10000,-1000,0,-0,-1.1773280527149352,-2.767883202142163,0
80,3,10000,-1000,0,-0,-0.08327377631408617,1.2212233003256387,0
79,3,10000,-1000,0,-0,-1.6183955671353831,-1.4223838334377321,0
78,3,10000,-1000,0,-0,-3.4321772762206275,-3.771520721706325,0
77,3,10000,-1000,0,-0,0.9772581320243795,2.242402272168154,0
76,3,10000,-1000,0,-0,1.971898757602399,2.9116724426758416,0
75,3,10000,-1000,0,-0,-1.4472833232635582,-0.16933083732733656,0
74,3,10000,-1000,0,-0,-3.2135458860591704,-3.504706029693975,0
73,3,10000,-1000,0,-0,0.3310080645813057,1.1071805142628781,0
72,3,10000,-1000,0,-0,-0.9535569604100442,-0.6578313271988494,0
71,3,2,1,1,0,-0.8659664994304221,0.8912665249092573,1
70,3,3,0,1,-2,-2.048584962483546,-3.886858143628425,1
69,3,4,-1,1,-0,-1.5075481876859658,-1.562232563524097,0
68,3,5,-2,1,-0,-3.0326889091645364,-2.5037173084957036,0
67,3,6,-3,1,-0,2.501837601491559,2.891572122747173,0
66,3,7,-4,1,-0,-1.4891543139444836,-2.19492572878803,0
65,3,8,-5,1,-0,-3.8721875612975305,-3.925366036389965,0
64,3,9,-6,1,-0,-0.5012105190121445,2.1052339697735025,0
63,3,10,-7,1,-0,-0.37782689337223324,-0.4504199981555007,0
62,3,10000,-1000,0,-0,-2.7134025498107417,-3.0096744412410668,0
61,3,10000,-1000,0,-0,-6.272098786490343,-5.537768450428346,0
60,3,10000,-1000,0,-0,-2.067623643073998,-1.6661428966374077,0
59,3,10000,-1000,0,-0,0.19686947528281185,-0.34143160075691326,0
58,3,10000,-1000,0,-0,-0.9816326946049003,-2.0643555055219722,0
57,3,10000,-1000,0,-0,-1.0535426113952941,-0.20574120389117267,0
56,3,10000,-1000,0,-0,0.17875541414064122,0.29760042914744816,0
55,3,10000,-1000,0,-0,-3.088574839830346,-2.60632761705419,0
54,3,10000,-1000,0,-0,1.1809685220251356,0.8896437173010114,0
53,3,10000,-1000,0,-0,-0.8799460583724142,-2.532056329849684,0
52,3,2,1,1,0,1.0637798601037316,3.454356560065585,1
51,3,3,0,1,-2,-0.45205510966147017,-3.9138267959625055,1
50,3,4,-1,1,-0,-2.5130948931886397,-3.4979011859363687,0
49,3,5,-2,1,-0,1.3047360565416577,-0.0313176879612973,0
48,3,6,-3,1,-0,-4.6101673693495,-4.975298981082555,0
47,3,7,-4,1,-0,-1.888686042777104,-0.5072317947974292,0
46,3,8,-5,1,-0,-1.3480451804506364,-1.5013624362048124,0
45,3,9,-6,1,-0,-1.1805915039910704,-1.436163138230974,0
44,3,10,-7,1,-0,1.0382665471475114,-0.25036055644956523,0
43,3,10000,-1000,0,-0,-0.6152244422747185,-0.5499580252740285,0
42,3,10000,-1000,0,-0,-0.1085687047125572,0.9267577167083365,0
41,3,10000,-1000,0,-0,-1.0002042017265595,1.260011590133666,0
40,3,10000,-1000,0,-0,-1.3330736496403528,-0.01837737432498532,0
39,3,10000,-1000,0,-0,0.4306943245584117,-0.43932902112865313,0
38,3,10000,-1000,0,-0,1.2734401518661596,0.7703101164810645,0
37,3,10000,-1000,0,-0,-5.36362989732497,-4.7561743420691,0
36,3,10000,-1000,0,-0,0.20104305946920642,0.19100164321463223,0
35,3,10000,-1000,0,-0,-0.1692359568556565,0.10609434276310603,0
34,3,10000,-1000,0,-0,-1.6651836186402595,-2.977482402011609,0
33,3,2,1,1,0,-1.597808203415564,-2.5242124510954644,1
32,3,3,0,1,-2,-1.4016379442091726,-4.3301958688204145,1
31,3,4,-1,1,-0,0.7333629900598043,0.014462387837700597,0
30,3,5,-2,1,-0,2.345669210166773,1.9308786406486589,0
29,3,6,-3,1,-0,-0.3649630108825117,-0.3706309040230433,0
28,3,7,-4,1,-0,-1.6594172226393233,-1.0259683031444706,0
27,3,8,-5,1,-0,-3.093538922243683,-3.6027196958996432,0
26,3,9,-6,1,-0,-1.488969081054651,-2.3459777003833793,0
25,3,10,-7,1,-0,-2.6273896235634813,-1.0112220467506234,0
24,3,10000,-1000,0,-0,-1.3541447313753965,-0.36027832453706754,0
23,3,10000,-1000,0,-0,-0.13248247718746142,0.5643633822183411,0
22,3,10000,-1000,0,-0,-2.4628856818116067,-0.7629150088462056,0
21,3,10000,-1000,0,-0,4.083864518519646,3.106122573256971,0
20,3,10000,-1000,0,-0,-0.5782184794624029,1.4705991024969385,0
19,3,10000,-1000,0,-0,1.2434814673764927,2.4699307915370667,0
18,3,10000,-1000,0,-0,-5.1505071771190085,-4.843484165141411,0
17,3,10000,-1000,0,-0,0.5156843429135763,1.1400173268402334,0
16,3,10000,-1000,0,-0,-3.3312695327517106,-3.2699280903006898,0
15,3,10000,-1000,0,-0,0.8500366482179534,0.7392108567890054,0
14,3,2,1,1,0,-1.632012256716361,-0.8894224108977118,1
13,3,3,0,1,-2,1.6063483907484222,1.7486717888540673,1
12,3,4,-1,1,-0,-2.1812232241102665,-0.09145026743710583,0
11,3,5,-2,1,-0,-1.9556744233645404,-1.785880096237017,0
10,3,6,-3,1,-0,-2.741910881671398,-2.8497886705924524,0
9,3,7,-4,1,-0,-2.1194155515086157,-1.9374210569292956,0
8,3,8,-5,1,-0,0.8974984403873522,2.0434266187116465,0
7,3,9,-6,1,-0,-0.05895035120532888,1.4183484713970786,0
6,3,10,-7,1,-0,1.009647494453072,1.4175916469870924,0
5,3,10000,-1000,0,-0,-1.5994565339324418,-0.4851777987183825,0
4,3,10000,-1000,0,-0,-0.16615822930795154,-0.19323407330150805,0
3,3,10000,-1000,0,-0,-0.4133760494154728,0.08434615393180495,0
2,3,10000,-1000,0,-0,-3.5369871398362225,-2.3513471262013512,0
1,3,10000,-1000,0,-0,2.455626163331838,6.0951997900721295,0
95,3,10000,-1000,0,-0,-0.6185421730008391,-0.6725447685948991,0
94,3,10000,-1000,0,-0,0.5616811507137168,-0.10646616617289917,0
93,3,10000,-1000,0,-0,0.9161076954374546,1.3619156528527907,0
92,3,10000,-1000,0,-0,-0.9645084607208582,-1.3703337070846346,0
91,3,10000,-1000,0,-0,-1.4418134313258266,-0.8065302868042551,0
90,4,2,2,1,1,-2.115930020547448,0.2002371424922278,1
89,4,3,1,1,-1,2.478348096589477,0.5185716129281124,1
88,4,4,0,1,-3,-1.1058490280734026,-5.3114242394542295,1
87,4,5,-1,1,-0,1.9955906940536678,3.563163752268313,0
86,4,6,-2,1,-0,1.7795732686604722,2.0048590684515397,0
85,4,7,-3,1,-0,-0.3957002803429033,-1.3181109377835134,0
84,4,8,-4,1,-0,0.34132244280219937,-0.7324499675999915,0
83,4,9,-5,1,-0,-2.081305665385157,-2.633663950947552,0
82,4,10,-6,1,-0,-0.030365001753651144,0.5600963993833341,0
81,4,10000,-1000,0,-0,1.066376931139323,0.5391015204144073,0
80,4,10000,-1000,0,-0,-0.3711771244072005,0.9706690393566649,0
79,4,10000,-1000,0,-0,-1.2131553488179765,-0.9693107203313828,0
78,4,10000,-1000,0,-0,-1.5200532633185726,-1.3241724739242597,0
77,4,10000,-1000,0,-0,-0.5766446997901734,-0.5921644284164074,0
76,4,10000,-1000,0,-0,1.105261791833569,0.8076844636817924,0
75,4,10000,-1000,0,-0,-1.2585679751557843,-1.4262471222172208,0
74,4,10000,-1000,0,-0,-0.7061457613411048,0.4503328185954154,0
73,4,10000,-1000,0,-0,-2.491616359113005,-3.83038036833032,0
72,4,10000,-1000,0,-0,0.23035840383616046,1.3171271790943435,0
71,4,2,2,1,1,1.756482392831475,3.4912056373823748,1
70,4,3,1,1,-1,0.7179827843897003,-0.3404316993940527,1
69,4,4,0,1,-3,-3.367737570672292,-7.713550474925043,1
68,4,5,-1,1,-0,0.21166351925896099,0.558568788536786,0
67,4,6,-2,1,-0,0.17225373277569733,-0.4661509142085203,0
66,4,7,-3,1,-0,-1.0598370502940648,0.06455530422461431,0
65,4,8,-4,1,-0,-0.26249162146631444,-1.090224652281203,0
64,4,9,-5,1,-0,-1.8370101304037902,-3.624790267919243,0
63,4,10,-6,1,-0,0.5117982882118738,-0.3422117143523916,0
62,4,10000,-1000,0,-0,-1.0198103015687245,-1.591833023925076,0
61,4,10000,-1000,0,-0,-2.9100706018877016,-3.7360012805968568,0
60,4,10000,-1000,0,-0,-1.0812214697334455,-1.3188055637799025,0
59,4,10000,-1000,0,-0,1.5546596799032324,0.9593331837955221,0
58,4,10000,-1000,0,-0,-1.0307385918016465,-1.4414807865612511,0
57,4,10000,-1000,0,-0,0.5932531044134862,0.9212445428221409,0
56,4,10000,-1000,0,-0,0.9187048514099653,-0.24494176027973602,0
55,4,10000,-1000,0,-0,-0.5152770821913676,0.24490058283104021,0
54,4,10000,-1000,0,-0,-1.0581963947218684,-1.060752230772258,0
53,4,10000,-1000,0,-0,-1.3281534061812863,-1.3663811770962864,0
52,4,2,2,1,1,-2.140523968124607,-1.4417530475611688,1
51,4,3,1,1,-1,-0.14724582878414377,-1.7028919332156138,1
50,4,4,0,1,-3,-0.9625816540677974,-3.1152862383525046,1
49,4,5,-1,1,-0,-3.9690694852193906,-2.578248974176799,0
48,4,6,-2,1,-0,-2.6662024310085743,-1.4349562157587556,0
47,4,7,-3,1,-0,0.8721837878469599,-0.2411536743051924,0
46,4,8,-4,1,-0,-0.8130929520552955,-1.6091468447188617,0
45,4,9,-5,1,-0,0.7006026051087101,0.6110827279619911,0
44,4,10,-6,1,-0,2.3507110940145353,1.291054206153081,0
43,4,10000,-1000,0,-0,1.7212337875982895,0.11692159361821974,0
42,4,10000,-1000,0,-0,0.5088117508241051,1.300162416849335,0
41,4,10000,-1000,0,-0,0.05632070264308886,0.12447723070206997,0
40,4,10000,-1000,0,-0,-0.8154055515383989,-0.20100955181031088,0
39,4,10000,-1000,0,-0,1.879535007246644,0.6764672544194517,0
38,4,10000,-1000,0,-0,0.38547970620470606,0.045024870844074805,0
37,4,10000,-1000,0,-0,-2.308122778861547,-3.479371413284655,0
36,4,10000,-1000,0,-0,-0.7588553328870734,-1.5882701005222195,0
35,4,10000,-1000,0,-0,-3.442498392537377,-3.2132863507323304,0
34,4,10000,-1000,0,-0,-0.819150240832621,-1.6341431591153595,0
33,4,2,2,1,1,1.477902439240705,1.1717339802315279,1
32,4,3,1,1,-1,-1.489250302477422,-3.9234720739852986,1
31,4,4,0,1,-3,-1.1763874471716695,-5.039235380408341,1
30,4,5,-1,1,-0,-0.7796695106996248,0.9241296931145302,0
29,4,6,-2,1,-0,0.40980700166021256,-0.24582559481376154,0
28,4,7,-3,1,-0,0.5104428250202292,-0.6027258006057216,0
27,4,8,-4,1,-0,0.34243509187409404,-1.0630703544942683,0
26,4,9,-5,1,-0,-1.3933654755707825,-1.5440091623584271,0
25,4,10,-6,1,-0,-2.596862614324818,-2.9908695267535936,0
24,4,10000,-1000,0,-0,-1.1135960745720086,-0.8615267548241308,0
23,4,10000,-1000,0,-0,-0.0989943175311484,-0.38170075526310976,0
22,4,10000,-1000,0,-0,-1.774678030751987,-0.9070104182178065,0
21,4,10000,-1000,0,-0,-0.6267457460743905,0.09334537521327624,0
20,4,10000,-1000,0,-0,-2.2991209020994097,-1.2430513006908848,0
19,4,10000,-1000,0,-0,-0.5346178712775985,-0.291115810899204,0
18,4,10000,-1000,0,-0,-0.32585750035723154,0.7885051617140826,0
17,4,10000,-1000,0,-0,-0.7439903768644559,-0.8205430905893387,0
16,4,10000,-1000,0,-0,-0.7714396376516413,0.16148541629873225,0
15,4,10000,-1000,0,-0,2.162104605436946,2.0041228667677977,0
14,4,2,2,1,1,1.169594960963467,0.949493869538329,1
13,4,3,1,1,-1,-1.927066720983312,-3.63597971260768,1
12,4,4,0,1,-3,-0.2718481447129289,-4.020527742554375,1
11,4,5,-1,1,-0,1.2356395665352724,1.811717092681942,0
10,4,6,-2,1,-0,-0.6079957995092593,-0.6600952634402225,0
9,4,7,-3,1,-0,-3.76279861505518,-4.393135788650658,0
8,4,8,-4,1,-0,0.0028737343902757173,-0.8954623311204702,0
7,4,9,-5,1,-0,-3.4212602279755866,-1.908574352458307,0
6,4,10,-6,1,-0,-1.7565498728539892,-1.9932991656085943,0
5,4,10000,-1000,0,-0,1.4931254355832002,0.24432201398680253,0
4,4,10000,-1000,0,-0,0.4150101290331687,-0.01499920735235255,0
3,4,10000,-1000,0,-0,1.1395175639834512,1.2328170004511614,0
2,4,10000,-1000,0,-0,-0.05532783737530833,0.7777132513351692,0
1,4,10000,-1000,0,-0,-0.6896303145588251,-0.7745627926776993,0
95,4,10000,-1000,0,-0,-1.9287497482765006,-1.8168967092642452,0
94,4,10000,-1000,0,-0,1.9023980047342892,0.8629620618853175,0
93,4,10000,-1000,0,-0,-0.45346692565567975,0.3429558878652467,0
92,4,10000,-1000,0,-0,-1.6103770353062448,-1.5104736591482866,0
91,4,10000,-1000,0,-0,0.7948733603553281,1.5318331135461405,0
90,5,2,3,1,2,2.0514902815958433,4.230411253459222,1
89,5,3,2,1,0,-0.881903758815213,-1.1644503504584491,1
88,5,4,1,1,-2,-0.6328657409138245,-3.4001645194889143,1
87,5,5,0,1,-4,-0.6626313459540094,-5.239035586197131,1
86,5,6,-1,1,-0,-0.6150088768243611,-1.529864716825124,0
85,5,7,-2,1,-0,-0.604411877578584,-0.2345009162912064,0
84,5,8,-3,1,-0,-0.5211131440871185,-1.9887975073888096,0
83,5,9,-4,1,-0,1.5186930064114752,-0.22666897199660796,0
82,5,10,-5,1,-0,-0.9928939899645103,-1.6602757938859698,0
81,5,10000,-1000,0,-0,-0.6296955967320349,0.45458340975003086,0
80,5,10000,-1000,0,-0,0.5920810626199402,0.7149127040521029,0
79,5,10000,-1000,0,-0,1.146481678791941,0.6522322840388403,0
78,5,10000,-1000,0,-0,-1.080441416680856,-0.4108532327663569,0
77,5,10000,-1000,0,-0,-0.7704790347340631,-1.1219578880689907,0
76,5,10000,-1000,0,-0,0.4407350534228909,0.32575465254181135,0
75,5,10000,-1000,0,-0,1.020843294983416,1.0938302367847375,0
74,5,10000,-1000,0,-0,-0.4688554596591593,0.6199191528938223,0
73,5,10000,-1000,0,-0,-1.8527894540136705,-0.5602207155479308,0
72,5,10000,-1000,0,-0,1.8325014226563734,3.115012716755432,0
71,5,2,3,1,2,-1.0079596397979513,1.3215101436311405,1
70,5,3,2,1,0,-0.2503793148914888,1.6292564028420138,1
69,5,4,1,1,-2,-2.2395903435016264,-2.19669131245027,1
68,5,5,0,1,-4,0.49485881551741173,-2.1765648118624403,1
67,5,6,-1,1,-0,1.7188893821859423,1.4992207384493703,0
66,5,7,-2,1,-0,-2.0961426770182934,-3.136190108569596,0
65,5,8,-3,1,-0,-1.0891966982925152,-0.8962469155833857,0
64,5,9,-4,1,-0,-0.9267262855402076,-1.4819625374194514,0
63,5,10,-5,1,-0,-0.9736324456121567,-0.6986415557607948,0
62,5,10000,-1000,0,-0,-2.5610487622877116,-3.1115621673736613,0
61,5,10000,-1000,0,-0,0.41413591181654863,1.335395804910037,0
60,5,10000,-1000,0,-0,-1.972307205662447,0.21714878670999993,0
59,5,10000,-1000,0,-0,-0.20333758877593752,0.7606572013065442,0
58,5,10000,-1000,0,-0,0.5221678903170364,1.2639863665896953,0
57,5,10000,-1000,0,-0,-0.4066701562229359,-0.36931359126346885,0
56,5,10000,-1000,0,-0,0.8732188683864217,3.0540525546211503,0
55,5,10000,-1000,0,-0,-0.2041798467739803,-0.28376505028144716,0
54,5,10000,-1000,0,-0,-0.934337873329456,0.44195715549415804,0
53,5,10000,-1000,0,-0,0.5848292791140743,2.160145955904789,0
52,5,2,3,1,2,1.9070382650324873,0.6538181921295554,1
51,5,3,2,1,0,-0.19542732453643774,-0.5253578118501407,1
50,5,4,1,1,-2,0.8272061867094449,-0.7157039876279634,1
49,5,5,0,1,-4,0.06686872356752463,-5.237235033866856,1
48,5,6,-1,1,-0,-3.705411360866951,-4.996584799712171,0
47,5,7,-2,1,-0,-1.7777931549425134,-0.8714134232737877,0
46,5,8,-3,1,-0,-0.6718826602368366,-3.467844155448063,0
45,5,9,-4,1,-0,0.10401467882626989,0.3375752501465731,0
44,5,10,-5,1,-0,-2.9243255061842457,-3.1933614448334064,0
43,5,10000,-1000,0,-0,0.9550322078184397,0.2964871528012978,0
42,5,10000,-1000,0,-0,-0.8835807224940686,-0.8202349294234905,0
41,5,10000,-1000,0,-0,-1.0578614407872464,-1.0033846017222559,0
40,5,10000,-1000,0,-0,-2.000263975032593,-1.7532546515959544,0
39,5,10000,-1000,0,-0,-1.8808481704189859,-1.756812622513227,0
38,5,10000,-1000,0,-0,-0.10785754961004912,-0.6431142492176564,0
37,5,10000,-1000,0,-0,0.4240042976406625,0.6824868890266234,0
36,5,10000,-1000,0,-0,-2.636885460303866,-1.2491765923463145,0
35,5,10000,-1000,0,-0,-1.3531021135649126,-0.6859316672652289,0
34,5,10000,-1000,0,-0,0.4550003678257065,1.9520498199063958,0
33,5,2,3,1,2,2.3681316612588916,4.951207504629627,1
32,5,3,2,1,0,1.2885042826465813,1.7918628089284057,1
31,5,4,1,1,-2,0.5251184961942367,-2.2181291857810135,1
30,5,5,0,1,-4,-0.1682562975357961,-4.985133882989658,1
29,5,6,-1,1,-0,0.15397633548736014,2.02426001654933,0
28,5,7,-2,1,-0,-1.0027177476263092,-1.8299707916725718,0
27,5,8,-3,1,-0,0.5632956359376441,1.5140083295219198,0
26,5,9,-4,1,-0,1.5637666728998185,1.297594321839118,0
25,5,10,-5,1,-0,1.0979459298092653,-0.0011362518873392347,0
24,5,10000,-1000,0,-0,-1.1287317044089662,-2.6629492474825764,0
23,5,10000,-1000,0,-0,-2.074536791386995,-3.280846651020913,0
22,5,10000,-1000,0,-0,-0.30272535528362876,-2.252750628142943,0
21,5,10000,-1000,0,-0,0.3436093796923251,-0.5404306499394919,0
20,5,10000,-1000,0,-0,1.4120636313222623,2.3854696165238636,0
19,5,10000,-1000,0,-0,-1.722025729148238,-2.302997044983713,0
18,5,10000,-1000,0,-0,0.25379348945705527,1.9905608709690918,0
17,5,10000,-1000,0,-0,0.10013601505423383,-0.0725393030989831,0
16,5,10000,-1000,0,-0,1.227701652638161,0.2897091208890986,0
15,5,10000,-1000,0,-0,-0.20675664015392964,-0.49135029994698004,0
14,5,2,3,1,2,-1.5203396057826963,0.03572896818839322,1
13,5,3,2,1,0,-0.7814373769411761,-0.7214408034719463,1
12,5,4,1,1,-2,-0.599120498719261,-2.516887549854049,1
11,5,5,0,1,-4,2.5855380769952943,-0.6560643993175308,1
10,5,6,-1,1,-0,2.698214230960757,3.237877221864096,0
9,5,7,-2,1,-0,-0.36969867768685727,0.4069489688456337,0
8,5,8,-3,1,-0,-1.3992463534962392,-1.2670746888218025,0
7,5,9,-4,1,-0,-2.490197653212324,-3.297062953003063,0
6,5,10,-5,1,-0,0.43022906199621,0.8795791477828031,0
5,5,10000,-1000,0,-0,-1.4543137262067665,-1.0416722693736162,0
4,5,10000,-1000,0,-0,2.5081779664269117,2.104563917314925,0
3,5,10000,-1000,0,-0,-1.213697296740577,-1.6017855742179967,0
2,5,10000,-1000,0,-0,-0.04355269175194168,1.0516350560883487,0
1,5,10000,-1000,0,-0,4.299238393505763,5.639718436558895,0
95,5,10000,-1000,0,-0,-1.475840504039996,-1.3614349573643483,0
94,5,10000,-1000,0,-0,0.18708972915939784,-0.20517489112222323,0
93,5,10000,-1000,0,-0,-1.4734742958022573,0.17888354739528367,0
92,5,10000,-1000,0,-0,0.23415151880144378,-1.0095460899731659,0
91,5,10000,-1000,0,-0,-1.1991949467788794,-2.111120817558438,0
90,6,2,4,1,3,-0.17453039859118732,1.9001566063095614,1
89,6,3,3,1,1,-1.215124666940123,0.6784565475010833,1
88,6,4,2,1,-1,0.1872481053630828,-1.753761632448789,1
87,6,5,1,1,-3,1.3381208860372054,-1.1229270198612418,1
86,6,6,0,1,-5,2.045293395545457,-3.136681002559879,1
85,6,7,-1,1,-0,-1.4375595268544472,-0.5457919318893251,0
84,6,8,-2,1,-0,-0.11905029253287411,1.2101579127020394,0
83,6,9,-3,1,-0,1.535144085911931,1.4316779607054548,0
82,6,10,-4,1,-0,-1.1340959621479927,-0.519031351425669,0
81,6,10000,-1000,0,-0,-2.7944454337072457,-4.594217829043447,0
80,6,10000,-1000,0,-0,-0.924750206508175,-1.1874553481511843,0
79,6,10000,-1000,0,-0,-0.9615394317175521,-2.1716813085959723,0
78,6,10000,-1000,0,-0,0.22974175613670728,0.434219008687578,0
77,6,10000,-1000,0,-0,-0.29999260320920806,-0.3139867077211188,0
76,6,10000,-1000,0,-0,0.4457648727779121,0.21056403295902615,0
75,6,10000,-1000,0,-0,-0.3218706392872167,-0.5101892935251707,0
74,6,10000,-1000,0,-0,0.6132020722795115,1.5644851411200165,0
73,6,10000,-1000,0,-0,-0.2556967423357658,-0.4097115283092607,0
72,6,10000,-1000,0,-0,1.5711585010937663,3.4254030058456233,0
71,6,2,4,1,3,0.5152305034868288,3.8745302053872903,1
70,6,3,3,1,1,-0.8648144761146377,2.2497204700950633,1
69,6,4,2,1,-1,0.41818824532483445,-1.7175607415183287,1
68,6,5,1,1,-3,0.11795582175256296,-3.678300164031776,1
67,6,6,0,1,-5,-1.803620800894491,-7.201190251045243,1
66,6,7,-1,1,-0,0.0046699742857354565,0.09639401583131751,0
65,6,8,-2,1,-0,1.5595503391691967,1.3208562650339202,0
64,6,9,-3,1,-0,0.9739476968704127,0.5119853331710269,0
63,6,10,-4,1,-0,0.34216196682630073,2.2685025741759044,0
62,6,10000,-1000,0,-0,-1.2257776962514917,-1.1037228814288664,0
61,6,10000,-1000,0,-0,1.5466540375535986,2.638704614059886,0
60,6,10000,-1000,0,-0,0.2669726567952058,-2.7052848186522076,0
59,6,10000,-1000,0,-0,-0.3563875416224962,0.7721015093427812,0
58,6,10000,-1000,0,-0,2.1017162744963023,3.413716403509933,0
57,6,10000,-1000,0,-0,-0.7295035524597646,-1.2121115255248043,0
56,6,10000,-1000,0,-0,0.5301335102853417,0.3052745136315209,0
55,6,10000,-1000,0,-0,1.6787382735438683,3.3465035844232376,0
54,6,10000,-1000,0,-0,0.8809944931968905,0.9222130255134966,0
53,6,10000,-1000,0,-0,-0.1864506557743665,0.8517241897770217,0
52,6,2,4,1,3,0.5909163677083978,3.4326167905627645,1
51,6,3,3,1,1,0.7768125947905016,1.4847271798989226,1
50,6,4,2,1,-1,0.19583550834711222,-2.224063454992103,1
49,6,5,1,1,-3,1.7218372892447356,-3.4164807359637397,1
48,6,6,0,1,-5,0.09670444667358288,-4.925795658229017,1
47,6,7,-1,1,-0,-0.6481504145533356,-0.3783794609283926,0
46,6,8,-2,1,-0,0.8048064204028069,0.3018370213717647,0
45,6,9,-3,1,-0,-2.410881144109946,-1.7800737537422329,0
44,6,10,-4,1,-0,0.6341640842033842,1.108729292619935,0
43,6,10000,-1000,0,-0,0.7574180797622923,0.4167590181858563,0
42,6,10000,-1000,0,-0,-0.09001020569118887,-0.040408646169041953,0
41,6,10000,-1000,0,-0,-1.1375249744099976,0.15773821645009756,0
40,6,10000,-1000,0,-0,-0.2897293541501842,0.02489485080812187,0
39,6,10000,-1000,0,-0,1.9934768415416666,2.795049345244,0
38,6,10000,-1000,0,-0,-0.6988884114383536,-0.21282951520589544,0
37,6,10000,-1000,0,-0,-2.563417501937641,-0.8378564452868125,0
36,6,10000,-1000,0,-0,1.1275591056324343,1.2299919663832355,0
35,6,10000,-1000,0,-0,-0.41454340154955993,-1.404380476488896,0
34,6,10000,-1000,0,-0,-0.4257854283652388,-0.8862266373641261,0
33,6,2,4,1,3,0.147506977833331,2.8781097136624254,1
32,6,3,3,1,1,0.9972389391564127,1.8276848694997718,1
31,6,4,2,1,-1,-0.5157077776266522,-0.8508388043600443,1
30,6,5,1,1,-3,-0.5383023018089227,-4.313853217014268,1
29,6,6,0,1,-5,1.4614358942578876,-5.457825236771358,1
28,6,7,-1,1,-0,-0.1165834377950207,1.9027491018383558,0
27,6,8,-2,1,-0,-0.013732512265857005,0.42147800260315804,0
26,6,9,-3,1,-0,-0.5606671857848852,0.4895016463699656,0
25,6,10,-4,1,-0,1.2310923892856267,0.9189775486352261,0
24,6,10000,-1000,0,-0,-0.9931833753653916,-0.899565758060846,0
23,6,10000,-1000,0,-0,1.1710025614840818,-0.9821851891024871,0
22,6,10000,-1000,0,-0,1.1198775052731729,1.477870576299661,0
21,6,10000,-1000,0,-0,-0.37496850587675534,0.09289630545271998,0
20,6,10000,-1000,0,-0,1.1700280645782741,0.26333922970193546,0
19,6,10000,-1000,0,-0,1.332449135000685,0.8030992194739364,0
18,6,10000,-1000,0,-0,0.8497634005756112,2.1933401174307576,0
17,6,10000,-1000,0,-0,2.5511361137617437,3.0205701703852244,0
16,6,10000,-1000,0,-0,-2.1297935959101153,-2.3828986836605393,0
15,6,10000,-1000,0,-0,-1.1936156215460725,-0.824511906217647,0
14,6,2,4,1,3,0.3708452614547324,4.542780687075332,1
13,6,3,3,1,1,2.034330231420056,1.12559388649376,1
12,6,4,2,1,-1,2.143816446204857,0.13942563558086496,1
11,6,5,1,1,-3,0.7472463270167392,-1.576066159324152,1
10,6,6,0,1,-5,1.20554474199471,-2.6421335137882673,1
9,6,7,-1,1,-0,0.003908855742497358,-1.7288510618208084,0
8,6,8,-2,1,-0,0.7245590311723253,1.325867887758389,0
7,6,9,-3,1,-0,0.6156875071468416,0.9573378212213433,0
6,6,10,-4,1,-0,-0.7194635302471825,-0.7547445393129021,0
5,6,10000,-1000,0,-0,-0.17033489853227954,-0.7964999183280107,0
4,6,10000,-1000,0,-0,0.015688219076637006,-0.840282990669447,0
3,6,10000,-1000,0,-0,1.8103524749221294,1.9621303168959225,0
2,6,10000,-1000,0,-0,-1.0434243738403783,0.16294832000575665,0
1,6,10000,-1000,0,-0,-2.3082189835973885,-3.7967968668000562,0
95,6,10000,-1000,0,-0,1.0759419981468201,0.02556787507805991,0
94,6,10000,-1000,0,-0,-0.7841742977082999,0.8536998192002883,0
93,6,10000,-1000,0,-0,-0.3379948310035208,-1.5453290122067975,0
92,6,10000,-1000,0,-0,1.236105793655419,-1.390049290947346,0
91,6,10000,-1000,0,-0,-0.7218655026687977,-0.7044022365177786,0
90,7,2,5,1,4,2.8086195378778513,6.821339375209977,1
89,7,3,4,1,2,1.3260412185808548,2.4525910853918926,1
88,7,4,3,1,0,1.3471717317398544,1.6899720160810732,1
87,7,5,2,1,-2,0.31395879476107325,-1.863428959521404,1
86,7,6,1,1,-4,-1.208105066927581,-4.286671812336975,1
85,7,7,0,1,-6,-1.755852517126434,-7.454908114916891,1
84,7,8,-1,1,-0,0.18198513916484332,0.8753718918746427,0
83,7,9,-2,1,-0,3.568531974378285,3.8940038806570594,0
82,7,10,-3,1,-0,0.8593987392128652,1.2674497619417397,0
81,7,10000,-1000,0,-0,0.7721427163388526,1.5319849722298664,0
80,7,10000,-1000,0,-0,1.0282155341223356,-1.2589379863280783,0
79,7,10000,-1000,0,-0,-0.06430392031478815,0.4535343412736692,0
78,7,10000,-1000,0,-0,-1.6068923780034705,-2.954128636289556,0
77,7,10000,-1000,0,-0,4.594373784198024,4.957533643066351,0
76,7,10000,-1000,0,-0,-0.12286648705353531,1.1918860776047353,0
75,7,10000,-1000,0,-0,0.06750870963099903,-0.3807972012767951,0
74,7,10000,-1000,0,-0,-2.205921753197303,-3.0140862214565534,0
73,7,10000,-1000,0,-0,0.1445102648040933,0.05824176576451344,0
72,7,10000,-1000,0,-0,0.1455821997203306,1.7310064722411695,0
71,7,2,5,1,4,-2.1976975857255026,1.951064625927466,1
70,7,3,4,1,2,3.238178239711761,4.691743571567722,1
69,7,4,3,1,0,3.2061004496412795,2.6784248623771645,1
68,7,5,2,1,-2,1.5715238675236338,-0.5683476919684147,1
67,7,6,1,1,-4,-1.1533244185238587,-6.742735832973707,1
66,7,7,0,1,-6,1.609434868153853,-3.1564609661584724,1
65,7,8,-1,1,-0,0.14685091759372748,-0.1886039307383775,0
64,7,9,-2,1,-0,0.03526626395423288,-1.9657362428556382,0
63,7,10,-3,1,-0,2.595877954399614,2.578419551661246,0
62,7,10000,-1000,0,-0,-1.346830872490513,-1.5877977683341276,0
61,7,10000,-1000,0,-0,-0.2560894626718987,-2.048078861594423,0
60,7,10000,-1000,0,-0,-0.5908863726219838,1.4588051386050238,0
59,7,10000,-1000,0,-0,0.5520337832561422,-0.5651838282547355,0
58,7,10000,-1000,0,-0,-1.8718827154470032,-3.225432260264642,0
57,7,10000,-1000,0,-0,-0.548481606812604,-0.09717929578168527,0
56,7,10000,-1000,0,-0,1.6116002261319915,2.644827650982489,0
55,7,10000,-1000,0,-0,1.230015748107187,1.0341300529932989,0
54,7,10000,-1000,0,-0,-0.960280046665796,-0.7329696598850506,0
53,7,10000,-1000,0,-0,1.3730853941150505,0.27088564412756155,0
52,7,2,5,1,4,0.0037633340481324495,4.316593779960643,1
51,7,3,4,1,2,1.6071881911657693,3.7081939043648995,1
50,7,4,3,1,0,-0.4810645221312927,0.26705089215894495,1
49,7,5,2,1,-2,0.46656802158618305,-0.5344710836202075,1
48,7,6,1,1,-4,-1.9029650119865886,-6.635480320999746,1
47,7,7,0,1,-6,1.8122885039170171,-3.7068162559721953,1
46,7,8,-1,1,-0,-2.2942678348511762,-3.283718143108533,0
45,7,9,-2,1,-0,0.029384656094541606,2.258943704440292,0
44,7,10,-3,1,-0,0.1334913603935774,0.5902279599824496,0
43,7,10000,-1000,0,-0,0.6146921752050936,0.5788767316204363,0
42,7,10000,-1000,0,-0,-0.7313592393613123,-1.221801945781072,0
41,7,10000,-1000,0,-0,3.3067699601065295,3.0862033489257144,0
40,7,10000,-1000,0,-0,-1.6543203507940207,-2.75552971157901,0
39,7,10000,-1000,0,-0,0.9087613475171451,0.9722318188741961,0
38,7,10000,-1000,0,-0,-3.952280835664784,-3.3687549025776455,0
37,7,10000,-1000,0,-0,0.525648579123887,0.012289732929127939,0
36,7,10000,-1000,0,-0,1.297668405863997,0.48511628393641193,0
35,7,10000,-1000,0,-0,-1.1289414514113845,-2.758261356925948,0
34,7,10000,-1000,0,-0,1.594707690771735,2.16361339728351,0
33,7,2,5,1,4,2.0079146539077835,5.796592094538838,1
32,7,3,4,1,2,-0.7615677179643076,0.6873343516364537,1
31,7,4,3,1,0,-0.9552234452578173,-0.6968623163166827,1
30,7,5,2,1,-2,-2.174248944704141,-5.549459391115136,1
29,7,6,1,1,-4,0.031181024241446975,-5.441573124861251,1
28,7,7,0,1,-6,-1.5156451709635883,-8.960854843809454,1
27,7,8,-1,1,-0,1.569325845324617,1.2080374207034466,0
26,7,9,-2,1,-0,0.6304589276895252,1.4211688924201555,0
25,7,10,-3,1,-0,3.854713095377527,4.569370941701516,0
24,7,10000,-1000,0,-0,-1.2400265165859001,-1.8051800338839126,0
23,7,10000,-1000,0,-0,2.3204676795572166,3.7384819829863387,0
22,7,10000,-1000,0,-0,-0.2806679811629569,-1.4264247621529584,0
21,7,10000,-1000,0,-0,-1.6949749499448536,-2.187792772897232,0
20,7,10000,-1000,0,-0,1.3940119583014867,0.6609596846454967,0
19,7,10000,-1000,0,-0,-1.659588639223473,-1.5003565588689427,0
18,7,10000,-1000,0,-0,-1.083990041211159,-2.8351830004306358,0
17,7,10000,-1000,0,-0,-0.5938038073986512,0.5910270596537953,0
16,7,10000,-1000,0,-0,0.8429666917393557,2.0499982927601224,0
15,7,10000,-1000,0,-0,-0.9983573770373865,-0.020708050506882292,0
14,7,2,5,1,4,-1.3028333963279595,3.853430026269934,1
13,7,3,4,1,2,0.8516872414406611,3.3384835781931734,1
12,7,4,3,1,0,0.7397462083628812,1.6985948711579415,1
11,7,5,2,1,-2,-1.1000697835142605,-2.922277412325482,1
10,7,6,1,1,-4,-0.1303809518664143,-3.838130070832356,1
9,7,7,0,1,-6,-0.47671486417369013,-8.590055548827054,1
8,7,8,-1,1,-0,1.9821428832656087,1.4440949724445176,0
7,7,9,-2,1,-0,2.890239995860954,3.9042655806141244,0
6,7,10,-3,1,-0,-1.0620910211980403,-0.9608213797241882,0
5,7,10000,-1000,0,-0,1.9382767367661229,0.7195693652180397,0
4,7,10000,-1000,0,-0,0.40714520769693635,-0.5512315850942173,0
3,7,10000,-1000,0,-0,-2.4720440328750204,-3.0278415174810034,0
2,7,10000,-1000,0,-0,-0.6284922310231874,1.4933836806200986,0
1,7,10000,-1000,0,-0,1.2238277975331728,1.0442378099722212,0
95,7,10000,-1000,0,-0,0.7428199844981092,0.0980845762553697,0
94,7,10000,-1000,0,-0,-3.1951571374172634,-5.287740909173802,0
93,7,10000,-1000,0,-0,1.405200452258704,-0.49667038544015174,0
92,7,10000,-1000,0,-0,1.5189424461778769,2.74119272249947,0
91,7,10000,-1000,0,-0,0.058517927153142635,-0.7927025142270154,0
90,8,2,6,1,5,4.556699934206439,9.227597132241922,1
89,8,3,5,1,3,0.7016596760015938,1.3752501485614863,1
88,8,4,4,1,1,0.8437413748091759,4.03673937434568,1
87,8,5,3,1,-1,-1.2308586670539685,-3.313338643450897,1
86,8,6,2,1,-3,-1.6435071486089439,-5.1498681159690065,1
85,8,7,1,1,-5,-1.9782766914201337,-6.882357734587097,1
84,8,8,0,1,-7,0.08089226567258001,-7.039272992268983,1
83,8,9,-1,1,-0,3.414817729574255,1.8961500998996936,0
82,8,10,-2,1,-0,4.149466868490872,2.6388818056479235,0
81,8,10000,-1000,0,-0,3.8027212804742336,5.198326208704531,0
80,8,10000,-1000,0,-0,3.2948249149727715,2.5864029708928102,0
79,8,10000,-1000,0,-0,0.42565915912554253,1.2535975122355336,0
78,8,10000,-1000,0,-0,-1.419150213463039,0.2886056237505321,0
77,8,10000,-1000,0,-0,0.2569586797296287,-0.522207877141945,0
76,8,10000,-1000,0,-0,-3.6412155986769816,-4.348114667348964,0
75,8,10000,-1000,0,-0,0.28317505899604756,-1.709727451519313,0
74,8,10000,-1000,0,-0,3.9738481016409666,5.873724634551895,0
73,8,10000,-1000,0,-0,1.114829117085966,0.3586221812133026,0
72,8,10000,-1000,0,-0,2.919213281206705,2.541257501482481,0
71,8,2,6,1,5,-0.5865726488375523,5.155385510470058,1
70,8,3,5,1,3,4.130326978998303,8.741302975012129,1
69,8,4,4,1,1,0.7233724392386597,1.9507598861339912,1
68,8,5,3,1,-1,-0.9542867415564195,-2.354802415473781,1
67,8,6,2,1,-3,1.00208352639467,-3.6674968732483944,1
66,8,7,1,1,-5,-1.9697567326825594,-5.47905563538046,1
65,8,8,0,1,-7,2.485179150438771,-3.8233334163628308,1
64,8,9,-1,1,-0,1.8078622720592938,1.7668847953944982,0
63,8,10,-2,1,-0,0.2065285733042842,1.4108734259826998,0
62,8,10000,-1000,0,-0,-0.04338607551360851,1.255128888056733,0
61,8,10000,-1000,0,-0,2.6207786306719814,2.1585616099120637,0
60,8,10000,-1000,0,-0,-1.1167007479664726,-2.3424744957886556,0
59,8,10000,-1000,0,-0,-0.9697457908818242,-0.006479036776065206,0
58,8,10000,-1000,0,-0,1.6632765573143118,2.3564877852751933,0
57,8,10000,-1000,0,-0,0.02601799036274899,-0.47537517556338993,0
56,8,10000,-1000,0,-0,2.5998180461986204,5.753789463182337,0
55,8,10000,-1000,0,-0,0.4985414022255235,-2.0505654927914163,0
54,8,10000,-1000,0,-0,3.104268192653868,3.0961301078247816,0
53,8,10000,-1000,0,-0,1.796598273367614,2.935378914338913,0
52,8,2,6,1,5,-1.6271286737426967,4.348716335221136,1
51,8,3,5,1,3,3.2686822921244127,6.417032585407632,1
50,8,4,4,1,1,2.161708834146586,3.95061759145431,1
49,8,5,3,1,-1,-0.9384087377142672,-1.3808275180065603,1
48,8,6,2,1,-3,-1.6466179306570234,-4.67401232369993,1
47,8,7,1,1,-5,2.802858648536861,-3.07421631026338,1
46,8,8,0,1,-7,-0.6480308304457968,-6.431787359717393,1
45,8,9,-1,1,-0,4.239094898878204,3.8878450866032814,0
44,8,10,-2,1,-0,4.1826531390977575,3.8882600217242165,0
43,8,10000,-1000,0,-0,-1.850251480480717,-1.5971136710217548,0
42,8,10000,-1000,0,-0,-0.7113808223467876,-0.6998828365203362,0
41,8,10000,-1000,0,-0,-1.4683851845775044,-3.4441691468025684,0
40,8,10000,-1000,0,-0,2.117750285736578,1.6914235618750086,0
39,8,10000,-1000,0,-0,-1.5437256429570145,-0.9314230828468562,0
38,8,10000,-1000,0,-0,-2.9354079477435926,-1.7045938389078887,0
37,8,10000,-1000,0,-0,4.649776806253602,3.378968998223919,0
36,8,10000,-1000,0,-0,2.751076094513435,2.100520431009839,0
35,8,10000,-1000,0,-0,2.3979356872981192,-0.04523054988724429,0
34,8,10000,-1000,0,-0,-0.371673890640417,0.6248747038780492,0
33,8,2,6,1,5,2.028720306681488,7.819745070519222,1
32,8,3,5,1,3,-1.5259032227234068,0.910905240485449,1
31,8,4,4,1,1,0.6375901396294097,1.8514163423283063,1
30,8,5,3,1,-1,1.1985816067664508,1.1756642708686753,1
29,8,6,2,1,-3,4.0353603727845915,0.8011992701487705,1
28,8,7,1,1,-5,2.070710962818182,-2.08062848322705,1
27,8,8,0,1,-7,3.267668452559901,-3.078360656874752,1
26,8,9,-1,1,-0,1.1327692083487724,-0.4578008179251052,0
25,8,10,-2,1,-0,-1.2103747273098766,-0.9009515943959652,0
24,8,10000,-1000,0,-0,0.2347730119199516,-2.2512091779656522,0
23,8,10000,-1000,0,-0,-2.243078616050691,-2.521517723346803,0
22,8,10000,-1000,0,-0,2.60686209360703,2.0544283342734895,0
21,8,10000,-1000,0,-0,3.5193525339521647,4.3953946067424345,0
20,8,10000,-1000,0,-0,0.7526680719556869,1.046151766397182,0
19,8,10000,-1000,0,-0,-0.964288266536563,-1.5615103134084602,0
18,8,10000,-1000,0,-0,2.902872825299517,2.7456692219919625,0
17,8,10000,-1000,0,-0,1.1304879648494763,1.3146730251278382,0
16,8,10000,-1000,0,-0,0.14764231789130733,-0.8653896964074852,0
15,8,10000,-1000,0,-0,2.971004883534047,2.2911614787942187,0
14,8,2,6,1,5,3.0184524720737147,6.483433735594424,1
13,8,3,5,1,3,-0.7054380114843671,1.770021975405224,1
12,8,4,4,1,1,1.601877517806697,2.5833501323485253,1
11,8,5,3,1,-1,2.5367865044983358,-0.03136066666063364,1
10,8,6,2,1,-3,-1.6269180275342783,-4.159066353338886,1
9,8,7,1,1,-5,1.6144251592913135,-4.0534037046901386,1
8,8,8,0,1,-7,0.661290902441483,-6.027626737970994,1
7,8,9,-1,1,-0,2.1335623252556557,2.276113329424199,0
6,8,10,-2,1,-0,-0.6046880799637392,-0.9787228006945516,0
5,8,10000,-1000,0,-0,0.707292622475152,-1.2376337535606092,0
4,8,10000,-1000,0,-0,3.4547590718517425,1.8570777577813549,0
3,8,10000,-1000,0,-0,1.185021660157548,-1.3556362008216123,0
2,8,10000,-1000,0,-0,2.409281340975676,3.771328590516642,0
1,8,10000,-1000,0,-0,0.45689046641690123,0.09622446306506904,0
95,8,10000,-1000,0,-0,-1.0549610122264288,0.8814362986376563,0
94,8,10000,-1000,0,-0,0.8495224486626038,-0.6063613488688528,0
93,8,10000,-1000,0,-0,-1.4207228808669123,0.06118282743036674,0
92,8,10000,-1000,0,-0,-3.9846532421134704,-2.9085336060655727,0
91,8,10000,-1000,0,-0,3.056157247907444,2.2986688465414695,0
90,9,2,7,1,6,-2.8321977389397204,3.7491868902931764,1
89,9,3,6,1,4,3.425403694185103,7.278679791759069,1
88,9,4,5,1,2,1.1916255171772328,4.698607294628521,1
87,9,5,4,1,0,-0.11200213702281747,-0.39153478026799327,1
86,9,6,3,1,-2,0.8232572479772647,0.850995981275973,1
85,9,7,2,1,-4,0.27313559479911254,-4.92260460103013,1
84,9,8,1,1,-6,3.4284577211382143,-1.259224387188001,1
83,9,9,0,1,-8,2.8318377152326035,-5.692169797538513,1
82,9,10,-1,1,-0,-2.6116188257164725,-2.257369316575171,0
81,9,10000,-1000,0,-0,2.0017487657267807,1.9300742780442868,0
80,9,10000,-1000,0,-0,2.829959030504358,2.6968147242193297,0
79,9,10000,-1000,0,-0,2.7000930189254366,2.612015634556134,0
78,9,10000,-1000,0,-0,-4.159042025622956,-3.2412530943123183,0
77,9,10000,-1000,0,-0,0.6959268929837107,0.7273661573534627,0
76,9,10000,-1000,0,-0,5.608630549085095,6.967561131212959,0
75,9,10000,-1000,0,-0,2.9851719992258072,3.0986668443250105,0
74,9,10000,-1000,0,-0,-2.5731278752482827,-2.3988213289081965,0
73,9,10000,-1000,0,-0,-2.4719735119869104,-2.5254539166717653,0
72,9,10000,-1000,0,-0,2.3071828235661136,1.8824247895229616,0
71,9,2,7,1,6,3.3500133540189836,10.342936271808103,1
70,9,3,6,1,4,1.8696223597564123,6.683480248207724,1
69,9,4,5,1,2,1.3975854233726173,4.393591007206126,1
68,9,5,4,1,0,1.6252840439104015,3.35802831483008,1
67,9,6,3,1,-2,1.5866768910132167,-0.05628107455506015,1
66,9,7,2,1,-4,-1.5979529804826549,-5.442226645900505,1
65,9,8,1,1,-6,6.428955679614537,1.981744335876999,1
64,9,9,0,1,-8,-1.9138008703233584,-9.977870488168884,1
63,9,10,-1,1,-0,1.180314693126354,0.17209593496267228,0
62,9,10000,-1000,0,-0,0.0106696772888768,-0.8822258463681646,0
61,9,10000,-1000,0,-0,5.210464816986789,4.555950195766643,0
60,9,10000,-1000,0,-0,3.4612418926299036,2.0274590641086996,0
59,9,10000,-1000,0,-0,-0.03235204263078595,1.3858323105674852,0
58,9,10000,-1000,0,-0,1.6735439682771505,1.0796583029838223,0
57,9,10000,-1000,0,-0,3.8028520477667334,4.921823845808916,0
56,9,10000,-1000,0,-0,6.177951002802601,8.56203256609373,0
55,9,10000,-1000,0,-0,1.8883382075767368,1.4850517134219465,0
54,9,10000,-1000,0,-0,-1.0942768454325265,-0.7241682869887802,0
53,9,10000,-1000,0,-0,-0.9634979347843569,-1.5387909485187694,0
52,9,2,7,1,6,-3.3744570727985583,1.5466281376795616,1
51,9,3,6,1,4,7.995369574519991,13.17386090380047,1
50,9,4,5,1,2,0.6382757551772692,3.507878528356303,1
49,9,5,4,1,0,0.21011983262993583,1.1412861424284415,1
48,9,6,3,1,-2,1.5673931069136426,0.5920743345126673,1
47,9,7,2,1,-4,3.288128918591489,-0.09889602530354225,1
46,9,8,1,1,-6,1.889587347357974,-3.5022225711637063,1
45,9,9,0,1,-8,-3.120678247684326,-12.01356995792406,1
44,9,10,-1,1,-0,2.0020553148974702,2.454090921214544,0
43,9,10000,-1000,0,-0,2.2169460864087256,1.842233779386985,0
42,9,10000,-1000,0,-0,2.680774578462639,5.5209597235005585,0
41,9,10000,-1000,0,-0,-1.0696891053281288,-0.3372956520930893,0
40,9,10000,-1000,0,-0,-4.040838492995766,-3.200319564749733,0
39,9,10000,-1000,0,-0,0.49804528441491847,-1.7216068329338796,0
38,9,10000,-1000,0,-0,-0.8764582964702914,-2.2039220785423885,0
37,9,10000,-1000,0,-0,-0.4807594285935033,-1.457420126738647,0
36,9,10000,-1000,0,-0,-0.8974854564112071,-1.484561328440781,0
35,9,10000,-1000,0,-0,0.33518649935054545,-0.23282631592539194,0
34,9,10000,-1000,0,-0,0.5276752101326573,1.1713161668588645,0
33,9,2,7,1,6,3.405767295172301,9.107189269465612,1
32,9,3,6,1,4,-0.5442847537362088,4.645277805493526,1
31,9,4,5,1,2,0.5329962369382906,0.42405503308023906,1
30,9,5,4,1,0,2.0195948637320367,1.9463128597365749,1
29,9,6,3,1,-2,4.320360752115031,3.1837636213887652,1
28,9,7,2,1,-4,1.0935736679889456,-1.831718870560183,1
27,9,8,1,1,-6,-2.5500553956777985,-8.755908025893797,1
26,9,9,0,1,-8,1.732167849190585,-6.701445983267483,1
25,9,10,-1,1,-0,0.9537988993238017,0.7715751149156626,0
24,9,10000,-1000,0,-0,5.149206628839137,4.718127955860678,0
23,9,10000,-1000,0,-0,1.9796219221140485,1.555012311682124,0
22,9,10000,-1000,0,-0,-0.16394923283803342,-1.5177689092688331,0
21,9,10000,-1000,0,-0,0.24310265463966985,0.04650770565745457,0
20,9,10000,-1000,0,-0,0.0972191532389648,0.3313352900463181,0
19,9,10000,-1000,0,-0,1.630547854556974,1.0733415605378656,0
18,9,10000,-1000,0,-0,1.6092172285508433,0.49589195361661265,0
17,9,10000,-1000,0,-0,3.249225197660066,1.6185897717998314,0
16,9,10000,-1000,0,-0,1.928065068134843,1.5402411866741281,0
15,9,10000,-1000,0,-0,0.40464588242632626,2.127277899061945,0
14,9,2,7,1,6,2.625663485307605,7.989002639220318,1
13,9,3,6,1,4,1.0793388274686664,7.860725961324524,1
12,9,4,5,1,2,1.623456521366331,1.666200644972877,1
11,9,5,4,1,0,3.6657372909142145,3.8082651872732143,1
10,9,6,3,1,-2,5.103833828777761,3.7683326277013784,1
9,9,7,2,1,-4,-0.8975679489585491,-5.376195441443466,1
8,9,8,1,1,-6,4.864396386800417,0.04808596992239078,1
7,9,9,0,1,-8,-0.7044237415870751,-7.898986450264664,1
6,9,10,-1,1,-0,1.8086857951571493,1.8620035530574948,0
5,9,10000,-1000,0,-0,1.7111372858834522,0.5437908706340484,0
4,9,10000,-1000,0,-0,0.6037693221382089,0.9271194780057264,0
3,9,10000,-1000,0,-0,4.3102956253144065,3.989512602880255,0
2,9,10000,-1000,0,-0,-0.24348927018343125,-1.1294395342845436,0
1,9,10000,-1000,0,-0,2.6829490632527637,2.834227235090806,0
95,9,10000,-1000,0,-0,1.1885338972379296,1.7678973692833697,0
94,9,10000,-1000,0,-0,-0.848027813408252,-0.9271946395847218,0
93,9,10000,-1000,0,-0,3.912034721685141,4.760802356990302,0
92,9,10000,-1000,0,-0,-3.4138672825313514,-5.924900769663719,0
91,9,10000,-1000,0,-0,0.05096262827519449,0.789439742652571,0
90,10,2,8,1,7,2.0645267758984067,9.35106579226041,1
89,10,3,7,1,5,2.244401238882896,8.392021094770309,1
88,10,4,6,1,3,-1.3046643929524873,1.8348943091205903,1
87,10,5,5,1,1,3.236205545866807,4.325132154665567,1
86,10,6,4,1,-1,-1.0844192274664701,-4.714578544459637,1
85,10,7,3,1,-3,3.2573706097285244,-0.9598502223933325,1
84,10,8,2,1,-5,2.176165467353735,-2.0746819537960843,1
83,10,9,1,1,-7,3.4012528962507877,-5.0146800278615755,1
82,10,10,0,1,-9,-0.8421526854768433,-9.954535347314517,1
81,10,10000,-1000,0,-0,1.8105856761144847,2.1146176821573825,0
80,10,10000,-1000,0,-0,0.3783599004683986,0.024347095520350026,0
79,10,10000,-1000,0,-0,-2.2031119255156026,-3.0543544150450557,0
78,10,10000,-1000,0,-0,1.9576960077238739,0.49652293255450974,0
77,10,10000,-1000,0,-0,6.117240084418906,6.381491930632775,0
76,10,10000,-1000,0,-0,-0.09697980330429745,-2.0043377473215647,0
75,10,10000,-1000,0,-0,1.0532006285575135,0.12796936232685796,0
74,10,10000,-1000,0,-0,3.3344564382131354,3.222885145268375,0
73,10,10000,-1000,0,-0,1.658661677034336,0.6934272516016577,0
72,10,10000,-1000,0,-0,6.552865031070606,6.389966107217233,0
71,10,2,8,1,7,7.522261748499011,14.540360523476322,1
70,10,3,7,1,5,2.4611872084942887,7.598449664330799,1
69,10,4,6,1,3,-1.3436188178886366,3.255267253359339,1
68,10,5,5,1,1,2.647025993087106,3.535725144406656,1
67,10,6,4,1,-1,-0.806417740678357,-1.5209618671122453,1
66,10,7,3,1,-3,-1.018121433690935,-6.002031329757655,1
65,10,8,2,1,-5,1.0797402646139476,-3.889519517278681,1
64,10,9,1,1,-7,3.962266562495073,-3.797738323767119,1
63,10,10,0,1,-9,2.4483593079747004,-7.775653909541067,1
62,10,10000,-1000,0,-0,3.6546224874896884,4.656989140021068,0
61,10,10000,-1000,0,-0,3.914602893969058,3.893061471110218,0
60,10,10000,-1000,0,-0,1.1249573374218502,2.0702786767060797,0
59,10,10000,-1000,0,-0,-4.598006350175206,-5.506497566372414,0
58,10,10000,-1000,0,-0,3.60814497277815,1.2059427459014098,0
57,10,10000,-1000,0,-0,7.1316830811504355,7.294621128677261,0
56,10,10000,-1000,0,-0,1.715722476144035,2.6589314067785903,0
55,10,10000,-1000,0,-0,-1.9106804368951997,0.6339244233359125,0
54,10,10000,-1000,0,-0,0.6228112039556358,1.5100021374489896,0
53,10,10000,-1000,0,-0,-0.8319776506614032,0.22845911582450973,0
52,10,2,8,1,7,3.300761537144883,10.653616418561416,1
51,10,3,7,1,5,3.7891171742143515,8.313789045905875,1
50,10,4,6,1,3,2.169354566251007,5.591410936064682,1
49,10,5,5,1,1,-0.8305729508731639,-1.0141321050945624,1
48,10,6,4,1,-1,3.652651584342933,2.2689020008508387,1
47,10,7,3,1,-3,5.025586646587424,0.5659208408945835,1
46,10,8,2,1,-5,7.344055957873556,2.3898291823384916,1
45,10,9,1,1,-7,0.2992449949982272,-6.248298891170627,1
44,10,10,0,1,-9,2.7823968395951857,-6.160037290028355,1
43,10,10000,-1000,0,-0,4.628827137268505,3.9901332841198256,0
42,10,10000,-1000,0,-0,1.267254430208963,1.0285731119035029,0
41,10,10000,-1000,0,-0,2.9126579873505682,1.2697553657817244,0
40,10,10000,-1000,0,-0,2.116102730157467,1.8935281592008482,0
39,10,10000,-1000,0,-0,1.220929232641264,-0.5546392180926121,0
38,10,10000,-1000,0,-0,1.9982954532800723,1.9828295504951514,0
37,10,10000,-1000,0,-0,4.0413379881236215,5.792384862582525,0
36,10,10000,-1000,0,-0,2.614807451772113,3.319013957322094,0
35,10,10000,-1000,0,-0,0.36907437823987865,1.8500937024570385,0
34,10,10000,-1000,0,-0,-4.181178178513496,-2.828290266354273,0
33,10,2,8,1,7,1.5147122161471385,8.878210956660409,1
32,10,3,7,1,5,-4.885886679313547,-1.713549412427417,1
31,10,4,6,1,3,7.239031132621128,11.13280887667366,1
30,10,5,5,1,1,-2.2541225122481667,-1.973247446506592,1
29,10,6,4,1,-1,-1.4124757065131135,-1.4719661866866778,1
28,10,7,3,1,-3,5.306348257883855,0.43519066693995967,1
27,10,8,2,1,-5,-4.053120971190243,-7.906118254009747,1
26,10,9,1,1,-7,3.4622876424043456,-4.04070345246638,1
25,10,10,0,1,-9,0.6832179756499394,-6.89088365601803,1
24,10,10000,-1000,0,-0,2.735656490711608,2.716316535140758,0
23,10,10000,-1000,0,-0,3.8190719670832785,3.18099824066358,0
22,10,10000,-1000,0,-0,-0.8934219418807654,-0.39515094148869356,0
21,10,10000,-1000,0,-0,-0.24522277200850984,-0.303469507199163,0
20,10,10000,-1000,0,-0,-6.124002886727176,-6.750219664502377,0
19,10,10000,-1000,0,-0,-0.9000635600999174,-1.7946843208612278,0
18,10,10000,-1000,0,-0,2.5414462379516243,4.951506452896526,0
17,10,10000,-1000,0,-0,2.861876043258874,1.9122287926867256,0
16,10,10000,-1000,0,-0,6.767169490324112,7.326320990894144,0
15,10,10000,-1000,0,-0,1.7317428438128994,1.5203281541333178,0
14,10,2,8,1,7,1.7577902305341488,7.367599241306883,1
13,10,3,7,1,5,0.3167347837488217,3.8281054746140164,1
12,10,4,6,1,3,3.487557135398255,5.081512501872687,1
11,10,5,5,1,1,2.7571019991329617,2.2608665169192546,1
10,10,6,4,1,-1,1.8979973000730634,1.5841432241751177,1
9,10,7,3,1,-3,-0.5264876517719959,-3.7632492824528216,1
8,10,8,2,1,-5,1.4628926974669714,-1.5379648733250666,1
7,10,9,1,1,-7,3.570965182413161,-2.7957961346912796,1
6,10,10,0,1,-9,3.3016358520346456,-4.050166601057562,1
5,10,10000,-1000,0,-0,0.3274698301784995,0.8301884735681837,0
4,10,10000,-1000,0,-0,-0.15097316562135288,0.6944942467348447,0
3,10,10000,-1000,0,-0,2.8817201458469683,3.348967541576199,0
2,10,10000,-1000,0,-0,4.257329454299207,3.855274390602581,0
1,10,10000,-1000,0,-0,1.8765403581571547,2.8000670614105503,0
95,10,10000,-1000,0,-0,0.7620323319995758,0.7539766912877944,0
94,10,10000,-1000,0,-0,-0.6938111934518987,0.33997304416235274,0
93,10,10000,-1000,0,-0,0.49006068440096673,-0.3090662973257322,0
92,10,10000,-1000,0,-0,-2.23869994483978,-1.2344669238864439,0
91,10,10000,-1000,0,-0,-0.22334411918886188,-0.5353174753815533,0
